week_start,week_end,landing_page_views_KPI,google_ads_impressions,post_launch_google_ads_search_spend,meta_impressions,post_launch_meta_clicks_spend,reddit_impressions,post_launch_reddit_website_spend
2025-04-07,2025-04-13,3068,0,0,0,0,0,0
2025-03-31,2025-04-06,3163,0,0,0,0,0,0
2025-03-24,2025-03-30,3389,0,0,0,0,0,0
2025-03-17,2025-03-23,3837,0,0,0,0,0,0
2025-03-10,2025-03-16,4324,0,0,0,0,0,0
2025-03-03,2025-03-09,4192,0,0,0,0,0,0
2025-02-24,2025-03-02,6368,0,0,26536,118.60,0,0
2025-02-17,2025-02-23,17725,9287,661.94,310073,1383.15,0,0
2025-02-10,2025-02-16,15894,28895,2641.93,225424,1153.12,0,0
2025-02-03,2025-02-09,9740,12986,1950.26,0,0,0,0
2025-01-27,2025-02-02,900,0,0,0,0,0,0
2025-01-20,2025-01-26,995,0,0,0,0,0,0
2025-01-13,2025-01-19,954,0,0,0,0,0,0
2025-01-06,2025-01-12,871,0,0,0,0,0,0
2024-12-30,2025-01-05,510,0,0,0,0,0,0
2024-12-23,2024-12-29,367,0,0,0,0,0,0
2024-12-16,2024-12-22,746,0,0,0,0,0,0
2024-12-09,2024-12-15,828,0,0,0,0,0,0
2024-12-02,2024-12-08,874,0,0,0,0,0,0
2024-11-25,2024-12-01,1047,0,0,0,0,0,0
2024-11-18,2024-11-24,1216,0,0,0,0,0,0
2024-11-11,2024-11-17,1356,0,0,0,0,0,0
2024-11-04,2024-11-10,1188,0,0,0,0,0,0
2024-10-28,2024-11-03,1151,0,0,0,0,0,0
2024-10-21,2024-10-27,1206,0,0,0,0,0,0
2024-10-14,2024-10-20,1105,0,0,0,0,0,0
2024-10-07,2024-10-13,1088,0,0,0,0,0,0
2024-09-30,2024-10-06,1050,0,0,0,0,0,0
2024-09-23,2024-09-29,1331,0,0,0,0,0,0
2024-09-16,2024-09-22,1356,0,0,0,0,0,0
2024-09-09,2024-09-15,1244,0,0,0,0,0,0
2024-09-02,2024-09-08,1124,0,0,0,0,0,0
2024-08-26,2024-09-01,1281,0,0,0,0,0,0
2024-08-19,2024-08-25,1302,0,0,0,0,0,0
2024-08-12,2024-08-18,1412,0,0,0,0,0,0
2024-08-05,2024-08-11,1305,0,0,0,0,0,0
2024-07-29,2024-08-04,1350,0,0,0,0,0,0
2024-07-22,2024-07-28,1449,0,0,0,0,0,0
2024-07-15,2024-07-21,1479,0,0,0,0,0,0
2024-07-08,2024-07-14,1533,0,0,0,0,0,0
2024-07-01,2024-07-07,1411,0,0,0,0,0,0
2024-06-24,2024-06-30,1351,0,0,0,0,0,0
2024-06-17,2024-06-23,1719,0,0,0,0,0,0
2024-06-10,2024-06-16,2064,0,0,0,0,0,0
2024-06-03,2024-06-09,2020,0,0,0,0,0,0
2024-05-27,2024-06-02,2419,0,0,0,0,0,0
2024-05-20,2024-05-26,2443,0,0,0,0,0,0
2024-05-13,2024-05-19,2738,0,0,0,0,0,0
2024-05-06,2024-05-12,3254,0,0,0,0,0,0
2024-04-29,2024-05-05,7463,0,0,0,0,0,0
2024-04-22,2024-04-28,3461,0,0,0,0,190421,530.34
2024-04-15,2024-04-21,4153,0,0,0,0,243357,761.25
2024-04-08,2024-04-14,7648,0,0,0,0,249935,786.43
2024-04-01,2024-04-07,9932,0,0,0,0,182500,406.35
